[
    {
        "English": "Main Roundabout",
        "From / To": "الدوار الرئيسي",
        " ": 10,
        "Rafidia": 10,
        "Academy Street": 10,
        "Al-Makhfiya": 10,
        "Old Al-Najah Street": 10,
        "An-Najah National University (Old Campus)": 10,
        "An-Najah National University (Academy)": 10,
        "New Nablus": 20,
        "First New Nablus": 15,
        "Al-Amariya": 15,
        "Beit Iba (Main Street)": 20,
        "Main Zawata Street (First Intersection)": 12,
        "Main Zawata Street (Second Intersection)": 15,
        "Beit Iba Town": 20,
        "Street 15": 10,
        "Street 16": 10,
        "Sumara Neighborhood": 30,
        "Amman Street": 15,
        "Mutah Street": 15,
        "Mlehess Entrance": 10,
        "Tunis Street": 10,
        "Haifa Street": 10,
        "Jaffa Street": 10,
        "Ibn Rushd Street": 10,
        "Beiger Street": 15,
        "Khalat Al-Iman": 15,
        "Last Quds Street": 25,
        "Mid Quds Street": 20,
        "First Quds Street": 15,
        "Hasba Street": 20,
        "Al-Rawda College": 15,
        "Meteorological Institute": 15,
        "Faisal Street": 10,
        "Balata": 15,
        "Al-Junaid": 15,
        "At-Tur": 20,
        "Fata'ir": 15,
        "Street 10": 15,
        "Ras Al-Ain": 10,
        "Khirbet Ashur": 10,
        "Kashkha Street": 12,
        "Al-Maajin": 10,
        "Wadi Al-Tuffah": 10,
        "Beit Wazan": 15,
        "Al-Taawon Street": 15,
        "Street 24": 10,
        "Old Askar Camp": 20,
        "New Askar Camp": 25,
        "Railway Street 1": 10,
        "Railway Street 2": 10,
        "Union Street": 10,
        "Middle Bliabous": 10,
        "Austrian Housing": 15,
        "Sama Nablus": 20,
        "Al-Najah National Hospital": 15,
        "Al-Quds Open University": 12,
        "Asera Street 1": 10,
        "Asera Street 2": 12,
        "Tayba Neighborhood": 15,
        "Tell Street": 15,
        "Al-Dahiya": 15,
        "Upper Dahiya": 20,
        "Rujeeb": 25,
        "Rujeeb Housing": 25,
        "Popular Housing": 25,
        "Kafr Qallil": 30,
        "North Asera Village": 30,
        "Deir Sharaf Village": 25,
        "Marina Resort": 20,
        "Western Industrial Zone": 20,
        "Eastern Industrial Zone": 20,
        "Sufian Street": 10,
        "Salem Village": 30,
        "Qusin Village": 30,
        "Beit Furik Village": 30,
        "Tell Village": 30,
        "Sarta Village": 30,
        "Khalat Al-A'amoud": 15,
        "Street 25": 12,
        "Abu Bakr Street": 15
    },
    {
        "English": "Rafidia",
        "From / To": "رفيديا",
        " ": 10,
        "Rafidia": 10,
        "Academy Street": 10,
        "Al-Makhfiya": 10,
        "Old Al-Najah Street": 10,
        "An-Najah National University (Old Campus)": 10,
        "An-Najah National University (Academy)": 10,
        "New Nablus": 20,
        "First New Nablus": 15,
        "Al-Amariya": 15,
        "Beit Iba (Main Street)": 15,
        "Main Zawata Street (First Intersection)": 12,
        "Main Zawata Street (Second Intersection)": 15,
        "Beit Iba Town": 20,
        "Street 15": 10,
        "Street 16": 10,
        "Sumara Neighborhood": 30,
        "Amman Street": 15,
        "Mutah Street": 15,
        "Mlehess Entrance": 10,
        "Tunis Street": 10,
        "Haifa Street": 10,
        "Jaffa Street": 10,
        "Ibn Rushd Street": 12,
        "Beiger Street": 15,
        "Khalat Al-Iman": 15,
        "Last Quds Street": 25,
        "Mid Quds Street": 20,
        "First Quds Street": 15,
        "Hasba Street": 20,
        "Al-Rawda College": 15,
        "Meteorological Institute": 15,
        "Faisal Street": 10,
        "Balata": 15,
        "Al-Junaid": 10,
        "At-Tur": 20,
        "Fata'ir": 15,
        "Street 10": 15,
        "Ras Al-Ain": 10,
        "Khirbet Ashur": 12,
        "Kashkha Street": 12,
        "Al-Maajin": 10,
        "Wadi Al-Tuffah": 10,
        "Beit Wazan": 10,
        "Al-Taawon Street": 12,
        "Street 24": 10,
        "Old Askar Camp": 20,
        "New Askar Camp": 25,
        "Railway Street 1": 10,
        "Railway Street 2": 10,
        "Union Street": 12,
        "Middle Bliabous": 10,
        "Austrian Housing": 15,
        "Sama Nablus": 20,
        "Al-Najah National Hospital": 15,
        "Al-Quds Open University": 12,
        "Asera Street 1": 10,
        "Asera Street 2": 12,
        "Tayba Neighborhood": 15,
        "Tell Street": 15,
        "Al-Dahiya": 15,
        "Upper Dahiya": 20,
        "Rujeeb": 25,
        "Rujeeb Housing": 25,
        "Popular Housing": 25,
        "Kafr Qallil": 30,
        "North Asera Village": 30,
        "Deir Sharaf Village": 25,
        "Marina Resort": 20,
        "Western Industrial Zone": 20,
        "Eastern Industrial Zone": 20,
        "Sufian Street": 10,
        "Salem Village": 30,
        "Qusin Village": 30,
        "Beit Furik Village": 30,
        "Tell Village": 30,
        "Sarta Village": 30,
        "Khalat Al-A'amoud": 15,
        "Street 25": 10,
        "Abu Bakr Street": 15
    },
    {
        "English": "Academy Street",
        "From / To": "شارع الاكاديمية",
        " ": 10,
        "Rafidia": 10,
        "Academy Street": 10,
        "Al-Makhfiya": 10,
        "Old Al-Najah Street": 10,
        "An-Najah National University (Old Campus)": 10,
        "An-Najah National University (Academy)": 10,
        "New Nablus": 20,
        "First New Nablus": 15,
        "Al-Amariya": 15,
        "Beit Iba (Main Street)": 15,
        "Main Zawata Street (First Intersection)": 12,
        "Main Zawata Street (Second Intersection)": 15,
        "Beit Iba Town": 20,
        "Street 15": 10,
        "Street 16": 10,
        "Sumara Neighborhood": 30,
        "Amman Street": 15,
        "Mutah Street": 15,
        "Mlehess Entrance": 10,
        "Tunis Street": 10,
        "Haifa Street": 10,
        "Jaffa Street": 10,
        "Ibn Rushd Street": 15,
        "Beiger Street": 15,
        "Khalat Al-Iman": 15,
        "Last Quds Street": 25,
        "Mid Quds Street": 20,
        "First Quds Street": 15,
        "Hasba Street": 20,
        "Al-Rawda College": 15,
        "Meteorological Institute": 15,
        "Faisal Street": 10,
        "Balata": 15,
        "Al-Junaid": 10,
        "At-Tur": 20,
        "Fata'ir": 15,
        "Street 10": 15,
        "Ras Al-Ain": 10,
        "Khirbet Ashur": 12,
        "Kashkha Street": 12,
        "Al-Maajin": 10,
        "Wadi Al-Tuffah": 10,
        "Beit Wazan": 10,
        "Al-Taawon Street": 15,
        "Street 24": 10,
        "Old Askar Camp": 20,
        "New Askar Camp": 25,
        "Railway Street 1": 10,
        "Railway Street 2": 10,
        "Union Street": 15,
        "Middle Bliabous": 12,
        "Austrian Housing": 15,
        "Sama Nablus": 20,
        "Al-Najah National Hospital": 15,
        "Al-Quds Open University": 12,
        "Asera Street 1": 12,
        "Asera Street 2": 15,
        "Tayba Neighborhood": 15,
        "Tell Street": 15,
        "Al-Dahiya": 15,
        "Upper Dahiya": 20,
        "Rujeeb": 25,
        "Rujeeb Housing": 25,
        "Popular Housing": 25,
        "Kafr Qallil": 30,
        "North Asera Village": 30,
        "Deir Sharaf Village": 25,
        "Marina Resort": 20,
        "Western Industrial Zone": 20,
        "Eastern Industrial Zone": 20,
        "Sufian Street": 10,
        "Salem Village": 30,
        "Qusin Village": 30,
        "Beit Furik Village": 30,
        "Tell Village": 30,
        "Sarta Village": 30,
        "Khalat Al-A'amoud": 15,
        "Street 25": 10,
        "Abu Bakr Street": 15
    },
    {
        "English": "Al-Makhfiya",
        "From / To": "المخفية",
        " ": 10,
        "Rafidia": 10,
        "Academy Street": 10,
        "Al-Makhfiya": 10,
        "Old Al-Najah Street": 10,
        "An-Najah National University (Old Campus)": 10,
        "An-Najah National University (Academy)": 10,
        "New Nablus": 20,
        "First New Nablus": 15,
        "Al-Amariya": 15,
        "Beit Iba (Main Street)": 15,
        "Main Zawata Street (First Intersection)": 12,
        "Main Zawata Street (Second Intersection)": 15,
        "Beit Iba Town": 20,
        "Street 15": 10,
        "Street 16": 10,
        "Sumara Neighborhood": 30,
        "Amman Street": 15,
        "Mutah Street": 15,
        "Mlehess Entrance": 10,
        "Tunis Street": 10,
        "Haifa Street": 10,
        "Jaffa Street": 10,
        "Ibn Rushd Street": 15,
        "Beiger Street": 15,
        "Khalat Al-Iman": 15,
        "Last Quds Street": 25,
        "Mid Quds Street": 20,
        "First Quds Street": 15,
        "Hasba Street": 20,
        "Al-Rawda College": 15,
        "Meteorological Institute": 15,
        "Faisal Street": 10,
        "Balata": 15,
        "Al-Junaid": 10,
        "At-Tur": 20,
        "Fata'ir": 15,
        "Street 10": 15,
        "Ras Al-Ain": 10,
        "Khirbet Ashur": 12,
        "Kashkha Street": 12,
        "Al-Maajin": 10,
        "Wadi Al-Tuffah": 10,
        "Beit Wazan": 10,
        "Al-Taawon Street": 15,
        "Street 24": 10,
        "Old Askar Camp": 20,
        "New Askar Camp": 25,
        "Railway Street 1": 10,
        "Railway Street 2": 10,
        "Union Street": 15,
        "Middle Bliabous": 12,
        "Austrian Housing": 15,
        "Sama Nablus": 20,
        "Al-Najah National Hospital": 15,
        "Al-Quds Open University": 12,
        "Asera Street 1": 12,
        "Asera Street 2": 15,
        "Tayba Neighborhood": 15,
        "Tell Street": 15,
        "Al-Dahiya": 15,
        "Upper Dahiya": 20,
        "Rujeeb": 25,
        "Rujeeb Housing": 25,
        "Popular Housing": 25,
        "Kafr Qallil": 30,
        "North Asera Village": 30,
        "Deir Sharaf Village": 25,
        "Marina Resort": 20,
        "Western Industrial Zone": 20,
        "Eastern Industrial Zone": 20,
        "Sufian Street": 10,
        "Salem Village": 30,
        "Qusin Village": 30,
        "Beit Furik Village": 30,
        "Tell Village": 30,
        "Sarta Village": 30,
        "Khalat Al-A'amoud": 15,
        "Street 25": 10,
        "Abu Bakr Street": 15
    },
    {
        "English": "Old Al-Najah Street",
        "From / To": "شارع النجاح القديم",
        " ": 10,
        "Rafidia": 10,
        "Academy Street": 10,
        "Al-Makhfiya": 10,
        "Old Al-Najah Street": 10,
        "An-Najah National University (Old Campus)": 10,
        "An-Najah National University (Academy)": 10,
        "New Nablus": 20,
        "First New Nablus": 15,
        "Al-Amariya": 15,
        "Beit Iba (Main Street)": 15,
        "Main Zawata Street (First Intersection)": 12,
        "Main Zawata Street (Second Intersection)": 15,
        "Beit Iba Town": 20,
        "Street 15": 10,
        "Street 16": 10,
        "Sumara Neighborhood": 30,
        "Amman Street": 15,
        "Mutah Street": 15,
        "Mlehess Entrance": 10,
        "Tunis Street": 10,
        "Haifa Street": 10,
        "Jaffa Street": 10,
        "Ibn Rushd Street": 12,
        "Beiger Street": 15,
        "Khalat Al-Iman": 15,
        "Last Quds Street": 25,
        "Mid Quds Street": 20,
        "First Quds Street": 15,
        "Hasba Street": 20,
        "Al-Rawda College": 15,
        "Meteorological Institute": 15,
        "Faisal Street": 10,
        "Balata": 15,
        "Al-Junaid": 10,
        "At-Tur": 20,
        "Fata'ir": 15,
        "Street 10": 15,
        "Ras Al-Ain": 10,
        "Khirbet Ashur": 12,
        "Kashkha Street": 12,
        "Al-Maajin": 10,
        "Wadi Al-Tuffah": 10,
        "Beit Wazan": 10,
        "Al-Taawon Street": 12,
        "Street 24": 10,
        "Old Askar Camp": 20,
        "New Askar Camp": 25,
        "Railway Street 1": 10,
        "Railway Street 2": 10,
        "Union Street": 12,
        "Middle Bliabous": 10,
        "Austrian Housing": 15,
        "Sama Nablus": 20,
        "Al-Najah National Hospital": 15,
        "Al-Quds Open University": 12,
        "Asera Street 1": 10,
        "Asera Street 2": 12,
        "Tayba Neighborhood": 15,
        "Tell Street": 15,
        "Al-Dahiya": 15,
        "Upper Dahiya": 20,
        "Rujeeb": 25,
        "Rujeeb Housing": 25,
        "Popular Housing": 25,
        "Kafr Qallil": 30,
        "North Asera Village": 30,
        "Deir Sharaf Village": 25,
        "Marina Resort": 20,
        "Western Industrial Zone": 20,
        "Eastern Industrial Zone": 20,
        "Sufian Street": 10,
        "Salem Village": 30,
        "Qusin Village": 30,
        "Beit Furik Village": 30,
        "Tell Village": 30,
        "Sarta Village": 30,
        "Khalat Al-A'amoud": 15,
        "Street 25": 10,
        "Abu Bakr Street": 15
    },
    {
        "English": "An-Najah National University (Old Campus)",
        "From / To": "جامعة النجاح الوطنية (الحرم القديم)",
        " ": 10,
        "Rafidia": 10,
        "Academy Street": 10,
        "Al-Makhfiya": 10,
        "Old Al-Najah Street": 10,
        "An-Najah National University (Old Campus)": 10,
        "An-Najah National University (Academy)": 10,
        "New Nablus": 20,
        "First New Nablus": 15,
        "Al-Amariya": 15,
        "Beit Iba (Main Street)": 15,
        "Main Zawata Street (First Intersection)": 12,
        "Main Zawata Street (Second Intersection)": 15,
        "Beit Iba Town": 20,
        "Street 15": 10,
        "Street 16": 10,
        "Sumara Neighborhood": 30,
        "Amman Street": 15,
        "Mutah Street": 15,
        "Mlehess Entrance": 10,
        "Tunis Street": 10,
        "Haifa Street": 10,
        "Jaffa Street": 10,
        "Ibn Rushd Street": 12,
        "Beiger Street": 15,
        "Khalat Al-Iman": 15,
        "Last Quds Street": 25,
        "Mid Quds Street": 20,
        "First Quds Street": 15,
        "Hasba Street": 20,
        "Al-Rawda College": 15,
        "Meteorological Institute": 15,
        "Faisal Street": 10,
        "Balata": 15,
        "Al-Junaid": 10,
        "At-Tur": 20,
        "Fata'ir": 15,
        "Street 10": 15,
        "Ras Al-Ain": 10,
        "Khirbet Ashur": 12,
        "Kashkha Street": 12,
        "Al-Maajin": 10,
        "Wadi Al-Tuffah": 10,
        "Beit Wazan": 10,
        "Al-Taawon Street": 12,
        "Street 24": 10,
        "Old Askar Camp": 20,
        "New Askar Camp": 25,
        "Railway Street 1": 10,
        "Railway Street 2": 10,
        "Union Street": 12,
        "Middle Bliabous": 10,
        "Austrian Housing": 15,
        "Sama Nablus": 20,
        "Al-Najah National Hospital": 15,
        "Al-Quds Open University": 12,
        "Asera Street 1": 10,
        "Asera Street 2": 12,
        "Tayba Neighborhood": 15,
        "Tell Street": 15,
        "Al-Dahiya": 15,
        "Upper Dahiya": 20,
        "Rujeeb": 25,
        "Rujeeb Housing": 25,
        "Popular Housing": 25,
        "Kafr Qallil": 30,
        "North Asera Village": 30,
        "Deir Sharaf Village": 25,
        "Marina Resort": 20,
        "Western Industrial Zone": 20,
        "Eastern Industrial Zone": 20,
        "Sufian Street": 10,
        "Salem Village": 30,
        "Qusin Village": 30,
        "Beit Furik Village": 30,
        "Tell Village": 30,
        "Sarta Village": 30,
        "Khalat Al-A'amoud": 15,
        "Street 25": 10,
        "Abu Bakr Street": 15
    },
    {
        "English": "An-Najah National University (Academy)",
        "From / To": "جامعة النجاح الوطنية (الاكاديمية)"
    },
    {
        "English": "New Nablus",
        "From / To": "اخر نابلس الجديدة",
        " ": 20,
        "Rafidia": 20,
        "Academy Street": 20,
        "Al-Makhfiya": 20,
        "Old Al-Najah Street": 20,
        "An-Najah National University (Old Campus)": 20,
        "An-Najah National University (Academy)": 20,
        "New Nablus": "لا يوجد مطاعم "
    },
    {
        "English": "First New Nablus",
        "From / To": "اول نابلس الجديدة",
        " ": 15,
        "Rafidia": 15,
        "Academy Street": 15,
        "Al-Makhfiya": 15,
        "Old Al-Najah Street": 15,
        "An-Najah National University (Old Campus)": 15,
        "An-Najah National University (Academy)": 15,
        "New Nablus": "لا يوجد مطاعم "
    },
    {
        "English": "Al-Amariya",
        "From / To": "العامريه",
        " ": 15,
        "Rafidia": 15,
        "Academy Street": 15,
        "Al-Makhfiya": 15,
        "Old Al-Najah Street": 15,
        "An-Najah National University (Old Campus)": 15,
        "An-Najah National University (Academy)": 15,
        "New Nablus": "لا يوجد مطاعم "
    },
    {
        "English": "Beit Iba (Main Street)",
        "From / To": "بيت ايبا (الشارع الرئيسي)",
        " ": 20,
        "Rafidia": 15,
        "Academy Street": 15,
        "Al-Makhfiya": 15,
        "Old Al-Najah Street": 15,
        "An-Najah National University (Old Campus)": 15,
        "An-Najah National University (Academy)": 15,
        "New Nablus": "لا يوجد مطاعم "
    },
    {
        "English": "Main Zawata Street (First Intersection)",
        "From / To": "شارع زواتا الرئيسي (مفرق اول)",
        " ": 12,
        "Rafidia": 12,
        "Academy Street": 12,
        "Al-Makhfiya": 12,
        "Old Al-Najah Street": 12,
        "An-Najah National University (Old Campus)": 12,
        "An-Najah National University (Academy)": 12,
        "New Nablus": "مناخد التسعيرة من المطاعم اللي هناك"
    },
    {
        "English": "Main Zawata Street (Second Intersection)",
        "From / To": "شارع زواتا الرئيسي (مفرق الثاني)",
        " ": 15,
        "Rafidia": 15,
        "Academy Street": 15,
        "Al-Makhfiya": 15,
        "Old Al-Najah Street": 15,
        "An-Najah National University (Old Campus)": 15,
        "An-Najah National University (Academy)": 15,
        "New Nablus": "لا يوجد مطاعم "
    },
    {
        "English": "Beit Iba Town",
        "From / To": "بلدة بيت ايبا",
        " ": 20,
        "Rafidia": 20,
        "Academy Street": 20,
        "Al-Makhfiya": 20,
        "Old Al-Najah Street": 20,
        "An-Najah National University (Old Campus)": 20,
        "An-Najah National University (Academy)": 20,
        "New Nablus": "لا يوجد مطاعم "
    },
    {
        "English": "Street 15",
        "From / To": "شارع 15",
        " ": 10,
        "Rafidia": 10,
        "Academy Street": 10,
        "Al-Makhfiya": 10,
        "Old Al-Najah Street": 10,
        "An-Najah National University (Old Campus)": 10,
        "An-Najah National University (Academy)": 10,
        "New Nablus": 20,
        "First New Nablus": 15,
        "Al-Amariya": 15,
        "Beit Iba (Main Street)": 15,
        "Main Zawata Street (First Intersection)": 12,
        "Main Zawata Street (Second Intersection)": 15,
        "Beit Iba Town": 20,
        "Street 15": 10,
        "Street 16": 10,
        "Sumara Neighborhood": 30,
        "Amman Street": 15,
        "Mutah Street": 15,
        "Mlehess Entrance": 10,
        "Tunis Street": 10,
        "Haifa Street": 10,
        "Jaffa Street": 10,
        "Ibn Rushd Street": 12,
        "Beiger Street": 15,
        "Khalat Al-Iman": 15,
        "Last Quds Street": 25,
        "Mid Quds Street": 20,
        "First Quds Street": 15,
        "Hasba Street": 20,
        "Al-Rawda College": 15,
        "Meteorological Institute": 15,
        "Faisal Street": 10,
        "Balata": 15,
        "Al-Junaid": 10,
        "At-Tur": 20,
        "Fata'ir": 15,
        "Street 10": 15,
        "Ras Al-Ain": 10,
        "Khirbet Ashur": 12,
        "Kashkha Street": 12,
        "Al-Maajin": 10,
        "Wadi Al-Tuffah": 10,
        "Beit Wazan": 10,
        "Al-Taawon Street": 12,
        "Street 24": 10,
        "Old Askar Camp": 20,
        "New Askar Camp": 25,
        "Railway Street 1": 10,
        "Railway Street 2": 10,
        "Union Street": 12,
        "Middle Bliabous": 10,
        "Austrian Housing": 15,
        "Sama Nablus": 20,
        "Al-Najah National Hospital": 15,
        "Al-Quds Open University": 12,
        "Asera Street 1": 10,
        "Asera Street 2": 12,
        "Tayba Neighborhood": 15,
        "Tell Street": 15,
        "Al-Dahiya": 15,
        "Upper Dahiya": 20,
        "Rujeeb": 25,
        "Rujeeb Housing": 25,
        "Popular Housing": 25,
        "Kafr Qallil": 30,
        "North Asera Village": 30,
        "Deir Sharaf Village": 25,
        "Marina Resort": 20,
        "Western Industrial Zone": 20,
        "Eastern Industrial Zone": 20,
        "Sufian Street": 10,
        "Salem Village": 30,
        "Qusin Village": 30,
        "Beit Furik Village": 30,
        "Tell Village": 30,
        "Sarta Village": 30,
        "Khalat Al-A'amoud": 15,
        "Street 25": 10,
        "Abu Bakr Street": 15
    },
    {
        "English": "Street 16",
        "From / To": "شارع 16",
        " ": 10,
        "Rafidia": 10,
        "Academy Street": 10,
        "Al-Makhfiya": 10,
        "Old Al-Najah Street": 10,
        "An-Najah National University (Old Campus)": 10,
        "An-Najah National University (Academy)": 10,
        "New Nablus": 20,
        "First New Nablus": 15,
        "Al-Amariya": 15,
        "Beit Iba (Main Street)": 15,
        "Main Zawata Street (First Intersection)": 12,
        "Main Zawata Street (Second Intersection)": 15,
        "Beit Iba Town": 20,
        "Street 15": 10,
        "Street 16": 10,
        "Sumara Neighborhood": 30,
        "Amman Street": 15,
        "Mutah Street": 15,
        "Mlehess Entrance": 10,
        "Tunis Street": 10,
        "Haifa Street": 10,
        "Jaffa Street": 10,
        "Ibn Rushd Street": 12,
        "Beiger Street": 15,
        "Khalat Al-Iman": 15,
        "Last Quds Street": 25,
        "Mid Quds Street": 20,
        "First Quds Street": 15,
        "Hasba Street": 20,
        "Al-Rawda College": 15,
        "Meteorological Institute": 15,
        "Faisal Street": 10,
        "Balata": 15,
        "Al-Junaid": 10,
        "At-Tur": 20,
        "Fata'ir": 15,
        "Street 10": 15,
        "Ras Al-Ain": 10,
        "Khirbet Ashur": 12,
        "Kashkha Street": 12,
        "Al-Maajin": 10,
        "Wadi Al-Tuffah": 10,
        "Beit Wazan": 10,
        "Al-Taawon Street": 12,
        "Street 24": 10,
        "Old Askar Camp": 20,
        "New Askar Camp": 25,
        "Railway Street 1": 10,
        "Railway Street 2": 10,
        "Union Street": 12,
        "Middle Bliabous": 10,
        "Austrian Housing": 15,
        "Sama Nablus": 20,
        "Al-Najah National Hospital": 15,
        "Al-Quds Open University": 12,
        "Asera Street 1": 10,
        "Asera Street 2": 12,
        "Tayba Neighborhood": 15,
        "Tell Street": 15,
        "Al-Dahiya": 15,
        "Upper Dahiya": 20,
        "Rujeeb": 25,
        "Rujeeb Housing": 25,
        "Popular Housing": 25,
        "Kafr Qallil": 30,
        "North Asera Village": 30,
        "Deir Sharaf Village": 25,
        "Marina Resort": 20,
        "Western Industrial Zone": 20,
        "Eastern Industrial Zone": 20,
        "Sufian Street": 10,
        "Salem Village": 30,
        "Qusin Village": 30,
        "Beit Furik Village": 30,
        "Tell Village": 30,
        "Sarta Village": 30,
        "Khalat Al-A'amoud": 15,
        "Street 25": 10,
        "Abu Bakr Street": 15
    },
    {
        "English": "Sumara Neighborhood",
        "From / To": "حي السمرا",
        " ": 30,
        "Rafidia": 30,
        "Academy Street": 30,
        "Al-Makhfiya": 30,
        "Old Al-Najah Street": 30,
        "An-Najah National University (Old Campus)": 30,
        "An-Najah National University (Academy)": 30,
        "New Nablus": "لا يوجد مطاعم "
    },
    {
        "English": "Amman Street",
        "From / To": "شارع عمان",
        " ": 15,
        "Rafidia": 15,
        "Academy Street": 15,
        "Al-Makhfiya": 15,
        "Old Al-Najah Street": 15,
        "An-Najah National University (Old Campus)": 15,
        "An-Najah National University (Academy)": 15,
        "New Nablus": "مناخد التسعيرة من المطاعم اللي هناك"
    },
    {
        "English": "Mutah Street",
        "From / To": "شارع مؤتة",
        " ": 15,
        "Rafidia": 15,
        "Academy Street": 15,
        "Al-Makhfiya": 15,
        "Old Al-Najah Street": 15,
        "An-Najah National University (Old Campus)": 15,
        "An-Najah National University (Academy)": 15,
        "New Nablus": "لا يوجد مطاعم "
    },
    {
        "English": "Mlehess Entrance",
        "From / To": "دخلة ملحيس",
        " ": 10,
        "Rafidia": 10,
        "Academy Street": 10,
        "Al-Makhfiya": 10,
        "Old Al-Najah Street": 10,
        "An-Najah National University (Old Campus)": 10,
        "An-Najah National University (Academy)": 10,
        "New Nablus": "مناخد التسعيرة من المطاعم اللي هناك"
    },
    {
        "English": "Tunis Street",
        "From / To": "شارع تونس",
        " ": 10,
        "Rafidia": 10,
        "Academy Street": 10,
        "Al-Makhfiya": 10,
        "Old Al-Najah Street": 10,
        "An-Najah National University (Old Campus)": 10,
        "An-Najah National University (Academy)": 10,
        "New Nablus": 20,
        "First New Nablus": 15,
        "Al-Amariya": 15,
        "Beit Iba (Main Street)": 15,
        "Main Zawata Street (First Intersection)": 12,
        "Main Zawata Street (Second Intersection)": 15,
        "Beit Iba Town": 20,
        "Street 15": 10,
        "Street 16": 10,
        "Sumara Neighborhood": 30,
        "Amman Street": 15,
        "Mutah Street": 15,
        "Mlehess Entrance": 10,
        "Tunis Street": 10,
        "Haifa Street": 10,
        "Jaffa Street": 10,
        "Ibn Rushd Street": 12,
        "Beiger Street": 15,
        "Khalat Al-Iman": 15,
        "Last Quds Street": 25,
        "Mid Quds Street": 20,
        "First Quds Street": 15,
        "Hasba Street": 20,
        "Al-Rawda College": 15,
        "Meteorological Institute": 15,
        "Faisal Street": 10,
        "Balata": 15,
        "Al-Junaid": 10,
        "At-Tur": 20,
        "Fata'ir": 15,
        "Street 10": 15,
        "Ras Al-Ain": 10,
        "Khirbet Ashur": 12,
        "Kashkha Street": 12,
        "Al-Maajin": 10,
        "Wadi Al-Tuffah": 10,
        "Beit Wazan": 10,
        "Al-Taawon Street": 12,
        "Street 24": 10,
        "Old Askar Camp": 20,
        "New Askar Camp": 25,
        "Railway Street 1": 10,
        "Railway Street 2": 10,
        "Union Street": 12,
        "Middle Bliabous": 10,
        "Austrian Housing": 15,
        "Sama Nablus": 20,
        "Al-Najah National Hospital": 15,
        "Al-Quds Open University": 12,
        "Asera Street 1": 10,
        "Asera Street 2": 12,
        "Tayba Neighborhood": 15,
        "Tell Street": 15,
        "Al-Dahiya": 15,
        "Upper Dahiya": 20,
        "Rujeeb": 25,
        "Rujeeb Housing": 25,
        "Popular Housing": 25,
        "Kafr Qallil": 30,
        "North Asera Village": 30,
        "Deir Sharaf Village": 25,
        "Marina Resort": 20,
        "Western Industrial Zone": 20,
        "Eastern Industrial Zone": 20,
        "Sufian Street": 10,
        "Salem Village": 30,
        "Qusin Village": 30,
        "Beit Furik Village": 30,
        "Tell Village": 30,
        "Sarta Village": 30,
        "Khalat Al-A'amoud": 15,
        "Street 25": 10,
        "Abu Bakr Street": 15
    },
    {
        "English": "Haifa Street",
        "From / To": "شارع حيفا",
        " ": 10,
        "Rafidia": 10,
        "Academy Street": 10,
        "Al-Makhfiya": 10,
        "Old Al-Najah Street": 10,
        "An-Najah National University (Old Campus)": 10,
        "An-Najah National University (Academy)": 10,
        "New Nablus": "لا يوجد مطاعم "
    },
    {
        "English": "Jaffa Street",
        "From / To": "شارع يافا",
        " ": 10,
        "Rafidia": 10,
        "Academy Street": 10,
        "Al-Makhfiya": 10,
        "Old Al-Najah Street": 10,
        "An-Najah National University (Old Campus)": 10,
        "An-Najah National University (Academy)": 10,
        "New Nablus": "لا يوجد مطاعم "
    },
    {
        "English": "Ibn Rushd Street",
        "From / To": "شارع ابن رشد",
        " ": 10,
        "Rafidia": 12,
        "Academy Street": 15,
        "Al-Makhfiya": 15,
        "Old Al-Najah Street": 12,
        "An-Najah National University (Old Campus)": 12,
        "An-Najah National University (Academy)": 12,
        "New Nablus": "لا يوجد مطاعم "
    },
    {
        "English": "Beiger Street",
        "From / To": "شارع بيجر",
        " ": 15,
        "Rafidia": 15,
        "Academy Street": 15,
        "Al-Makhfiya": 15,
        "Old Al-Najah Street": 15,
        "An-Najah National University (Old Campus)": 15,
        "An-Najah National University (Academy)": 15,
        "New Nablus": "لا يوجد مطاعم "
    },
    {
        "English": "Khalat Al-Iman",
        "From / To": "خلة الايمان",
        " ": 15,
        "Rafidia": 15,
        "Academy Street": 15,
        "Al-Makhfiya": 15,
        "Old Al-Najah Street": 15,
        "An-Najah National University (Old Campus)": 15,
        "An-Najah National University (Academy)": 15,
        "New Nablus": "لا يوجد مطاعم "
    },
    {
        "English": "Last Quds Street",
        "From / To": "اخر شارع القدس",
        " ": 25,
        "Rafidia": 25,
        "Academy Street": 25,
        "Al-Makhfiya": 25,
        "Old Al-Najah Street": 25,
        "An-Najah National University (Old Campus)": 25,
        "An-Najah National University (Academy)": 25
    },
    {
        "English": "Mid Quds Street",
        "From / To": "وسط شارع القدس",
        " ": 20,
        "Rafidia": 20,
        "Academy Street": 20,
        "Al-Makhfiya": 20,
        "Old Al-Najah Street": 20,
        "An-Najah National University (Old Campus)": 20,
        "An-Najah National University (Academy)": 20
    },
    {
        "English": "First Quds Street",
        "From / To": "اول شارع القدس",
        " ": 15,
        "Rafidia": 15,
        "Academy Street": 15,
        "Al-Makhfiya": 15,
        "Old Al-Najah Street": 15,
        "An-Najah National University (Old Campus)": 15,
        "An-Najah National University (Academy)": 15,
        "New Nablus": "لا يوجد مطاعم "
    },
    {
        "English": "Hasba Street",
        "From / To": "شارع الحسبة",
        " ": 20,
        "Rafidia": 20,
        "Academy Street": 20,
        "Al-Makhfiya": 20,
        "Old Al-Najah Street": 20,
        "An-Najah National University (Old Campus)": 20,
        "An-Najah National University (Academy)": 20,
        "New Nablus": "مناخد التسعيرة من المطاعم اللي هناك"
    },
    {
        "English": "Al-Rawda College",
        "From / To": "كلية الروضة",
        " ": 15,
        "Rafidia": 15,
        "Academy Street": 15,
        "Al-Makhfiya": 15,
        "Old Al-Najah Street": 15,
        "An-Najah National University (Old Campus)": 15,
        "An-Najah National University (Academy)": 15,
        "New Nablus": "لا يوجد مطاعم "
    },
    {
        "English": "Meteorological Institute",
        "From / To": "الارصاد",
        " ": 15,
        "Rafidia": 15,
        "Academy Street": 15,
        "Al-Makhfiya": 15,
        "Old Al-Najah Street": 15,
        "An-Najah National University (Old Campus)": 15,
        "An-Najah National University (Academy)": 15,
        "New Nablus": "لا يوجد مطاعم "
    },
    {
        "English": "Faisal Street",
        "From / To": "شارع فيصل",
        " ": 10,
        "Rafidia": 10,
        "Academy Street": 10,
        "Al-Makhfiya": 10,
        "Old Al-Najah Street": 10,
        "An-Najah National University (Old Campus)": 10,
        "An-Najah National University (Academy)": 10,
        "New Nablus": 20,
        "First New Nablus": 15,
        "Al-Amariya": 15,
        "Beit Iba (Main Street)": 20,
        "Main Zawata Street (First Intersection)": 12,
        "Main Zawata Street (Second Intersection)": 15,
        "Beit Iba Town": 20,
        "Street 15": 10,
        "Street 16": 10,
        "Sumara Neighborhood": 30,
        "Amman Street": 15,
        "Mutah Street": 15,
        "Mlehess Entrance": 10,
        "Tunis Street": 10,
        "Haifa Street": 10,
        "Jaffa Street": 10,
        "Ibn Rushd Street": 10,
        "Beiger Street": 15,
        "Khalat Al-Iman": 15,
        "Last Quds Street": 25,
        "Mid Quds Street": 20,
        "First Quds Street": 15,
        "Hasba Street": 20,
        "Al-Rawda College": 15,
        "Meteorological Institute": 15,
        "Faisal Street": 10,
        "Balata": 15,
        "Al-Junaid": 15,
        "At-Tur": 20,
        "Fata'ir": 15,
        "Street 10": 15,
        "Ras Al-Ain": 10,
        "Khirbet Ashur": 10,
        "Kashkha Street": 12,
        "Al-Maajin": 10,
        "Wadi Al-Tuffah": 10,
        "Beit Wazan": 15,
        "Al-Taawon Street": 15,
        "Street 24": 10,
        "Old Askar Camp": 20,
        "New Askar Camp": 25,
        "Railway Street 1": 10,
        "Railway Street 2": 10,
        "Union Street": 10,
        "Middle Bliabous": 10,
        "Austrian Housing": 15,
        "Sama Nablus": 20,
        "Al-Najah National Hospital": 15,
        "Al-Quds Open University": 12,
        "Asera Street 1": 10,
        "Asera Street 2": 12,
        "Tayba Neighborhood": 15,
        "Tell Street": 15,
        "Al-Dahiya": 15,
        "Upper Dahiya": 20,
        "Rujeeb": 25,
        "Rujeeb Housing": 25,
        "Popular Housing": 25,
        "Kafr Qallil": 30,
        "North Asera Village": 30,
        "Deir Sharaf Village": 25,
        "Marina Resort": 20,
        "Western Industrial Zone": 20,
        "Eastern Industrial Zone": 20,
        "Sufian Street": 10,
        "Salem Village": 30,
        "Qusin Village": 30,
        "Beit Furik Village": 30,
        "Tell Village": 30,
        "Sarta Village": 30,
        "Khalat Al-A'amoud": 15,
        "Street 25": 12,
        "Abu Bakr Street": 15
    },
    {
        "English": "Balata",
        "From / To": "بلاطة",
        " ": 15,
        "Rafidia": 15,
        "Academy Street": 15,
        "Al-Makhfiya": 15,
        "Old Al-Najah Street": 15,
        "An-Najah National University (Old Campus)": 15,
        "An-Najah National University (Academy)": 15,
        "New Nablus": "لا يوجد مطاعم "
    },
    {
        "English": "Al-Junaid",
        "From / To": "الجنيد",
        " ": 15,
        "Rafidia": 10,
        "Academy Street": 10,
        "Al-Makhfiya": 10,
        "Old Al-Najah Street": 10,
        "An-Najah National University (Old Campus)": 10,
        "An-Najah National University (Academy)": 10,
        "New Nablus": "لا يوجد مطاعم "
    },
    {
        "English": "At-Tur",
        "From / To": "الطور",
        " ": 20,
        "Rafidia": 20,
        "Academy Street": 20,
        "Al-Makhfiya": 20,
        "Old Al-Najah Street": 20,
        "An-Najah National University (Old Campus)": 20,
        "An-Najah National University (Academy)": 20,
        "New Nablus": "لا يوجد مطاعم "
    },
    {
        "English": "Fata'ir",
        "From / To": "فطاير",
        " ": 15,
        "Rafidia": 15,
        "Academy Street": 15,
        "Al-Makhfiya": 15,
        "Old Al-Najah Street": 15,
        "An-Najah National University (Old Campus)": 15,
        "An-Najah National University (Academy)": 15,
        "New Nablus": "لا يوجد مطاعم "
    },
    {
        "English": "Street 10",
        "From / To": "شارع 10",
        " ": 15,
        "Rafidia": 15,
        "Academy Street": 15,
        "Al-Makhfiya": 15,
        "Old Al-Najah Street": 15,
        "An-Najah National University (Old Campus)": 15,
        "An-Najah National University (Academy)": 15,
        "New Nablus": "لا يوجد مطاعم "
    },
    {
        "English": "Ras Al-Ain",
        "From / To": "راس العين",
        " ": 10,
        "Rafidia": 10,
        "Academy Street": 10,
        "Al-Makhfiya": 10,
        "Old Al-Najah Street": 10,
        "An-Najah National University (Old Campus)": 10,
        "An-Najah National University (Academy)": 10,
        "New Nablus": "لا يوجد مطاعم "
    },
    {
        "English": "Khirbet Ashur",
        "From / To": "كروم عاشور",
        " ": 10,
        "Rafidia": 12,
        "Academy Street": 12,
        "Al-Makhfiya": 12,
        "Old Al-Najah Street": 12,
        "An-Najah National University (Old Campus)": 12,
        "An-Najah National University (Academy)": 12,
        "New Nablus": "لا يوجد مطاعم "
    },
    {
        "English": "Kashkha Street",
        "From / To": "شارع كشيكه",
        " ": 12,
        "Rafidia": 12,
        "Academy Street": 12,
        "Al-Makhfiya": 12,
        "Old Al-Najah Street": 12,
        "An-Najah National University (Old Campus)": 12,
        "An-Najah National University (Academy)": 12,
        "New Nablus": "لا يوجد مطاعم "
    },
    {
        "English": "Al-Maajin",
        "From / To": "المعاجين",
        " ": 10,
        "Rafidia": 10,
        "Academy Street": 10,
        "Al-Makhfiya": 10,
        "Old Al-Najah Street": 10,
        "An-Najah National University (Old Campus)": 10,
        "An-Najah National University (Academy)": 10,
        "New Nablus": "لا يوجد مطاعم "
    },
    {
        "English": "Wadi Al-Tuffah",
        "From / To": "وادي التفاح",
        " ": 10,
        "Rafidia": 10,
        "Academy Street": 10,
        "Al-Makhfiya": 10,
        "Old Al-Najah Street": 10,
        "An-Najah National University (Old Campus)": 10,
        "An-Najah National University (Academy)": 10,
        "New Nablus": "مناخد التسعيرة من المطاعم اللي هناك"
    },
    {
        "English": "Beit Wazan",
        "From / To": "بيت وزن",
        " ": 15,
        "Rafidia": 15,
        "Academy Street": 15,
        "Al-Makhfiya": 15,
        "Old Al-Najah Street": 15,
        "An-Najah National University (Old Campus)": 15,
        "An-Najah National University (Academy)": 15,
        "New Nablus": "لا يوجد مطاعم "
    },
    {
        "English": "Al-Taawon Street",
        "From / To": "شارع التعاون",
        " ": 15,
        "Rafidia": 12,
        "Academy Street": 15,
        "Al-Makhfiya": 15,
        "Old Al-Najah Street": 12,
        "An-Najah National University (Old Campus)": 12,
        "An-Najah National University (Academy)": 12,
        "New Nablus": "لا يوجد مطاعم "
    },
    {
        "English": "Street 24",
        "From / To": "شارع 24",
        " ": 10,
        "Rafidia": 10,
        "Academy Street": 10,
        "Al-Makhfiya": 10,
        "Old Al-Najah Street": 10,
        "An-Najah National University (Old Campus)": 10,
        "An-Najah National University (Academy)": 10,
        "New Nablus": "لا يوجد مطاعم "
    },
    {
        "English": "Old Askar Camp",
        "From / To": "مخيم عسكر القديم",
        " ": 20,
        "Rafidia": 20,
        "Academy Street": 20,
        "Al-Makhfiya": 20,
        "Old Al-Najah Street": 20,
        "An-Najah National University (Old Campus)": 20,
        "An-Najah National University (Academy)": 20,
        "New Nablus": "مناخد التسعيرة من المطاعم اللي هناك"
    },
    {
        "English": "New Askar Camp",
        "From / To": "مخيم عسكر الجديد",
        " ": 25,
        "Rafidia": 25,
        "Academy Street": 25,
        "Al-Makhfiya": 25,
        "Old Al-Najah Street": 25,
        "An-Najah National University (Old Campus)": 25,
        "An-Najah National University (Academy)": 25,
        "New Nablus": "لا يوجد مطاعم "
    },
    {
        "English": "Railway Street 1",
        "From / To": "شارع السكة 1",
        " ": 10,
        "Rafidia": 10,
        "Academy Street": 10,
        "Al-Makhfiya": 10,
        "Old Al-Najah Street": 10,
        "An-Najah National University (Old Campus)": 10,
        "An-Najah National University (Academy)": 10,
        "New Nablus": "لا يوجد مطاعم "
    },
    {
        "English": "Railway Street 2",
        "From / To": "شارع السكة 2",
        " ": 10,
        "Rafidia": 10,
        "Academy Street": 10,
        "Al-Makhfiya": 10,
        "Old Al-Najah Street": 10,
        "An-Najah National University (Old Campus)": 10,
        "An-Najah National University (Academy)": 10,
        "New Nablus": "لا يوجد مطاعم "
    },
    {
        "English": "Union Street",
        "From / To": "شارع الاتحاد",
        " ": 10,
        "Rafidia": 12,
        "Academy Street": 15,
        "Al-Makhfiya": 15,
        "Old Al-Najah Street": 12,
        "An-Najah National University (Old Campus)": 12,
        "An-Najah National University (Academy)": 12,
        "New Nablus": "لا يوجد مطاعم "
    },
    {
        "English": "Middle Bliabous",
        "From / To": "بليبوس الاوسط",
        " ": 10,
        "Rafidia": 10,
        "Academy Street": 12,
        "Al-Makhfiya": 12,
        "Old Al-Najah Street": 10,
        "An-Najah National University (Old Campus)": 10,
        "An-Najah National University (Academy)": 10,
        "New Nablus": "لا يوجد مطاعم "
    },
    {
        "English": "Austrian Housing",
        "From / To": "اسكان النمساوي",
        " ": 15,
        "Rafidia": 15,
        "Academy Street": 15,
        "Al-Makhfiya": 15,
        "Old Al-Najah Street": 15,
        "An-Najah National University (Old Campus)": 15,
        "An-Najah National University (Academy)": 15,
        "New Nablus": "لا يوجد مطاعم "
    },
    {
        "English": "Sama Nablus",
        "From / To": "سما نابلس",
        " ": 20,
        "Rafidia": 20,
        "Academy Street": 20,
        "Al-Makhfiya": 20,
        "Old Al-Najah Street": 20,
        "An-Najah National University (Old Campus)": 20,
        "An-Najah National University (Academy)": 20,
        "New Nablus": "لا يوجد مطاعم "
    },
    {
        "English": "Al-Najah National Hospital",
        "From / To": "مستشفى النجاح الوطني",
        " ": 15,
        "Rafidia": 15,
        "Academy Street": 15,
        "Al-Makhfiya": 15,
        "Old Al-Najah Street": 15,
        "An-Najah National University (Old Campus)": 15,
        "An-Najah National University (Academy)": 15,
        "New Nablus": "لا يوجد مطاعم "
    },
    {
        "English": "Al-Quds Open University",
        "From / To": "جامعة القدس المفتوحة",
        " ": 12,
        "Rafidia": 12,
        "Academy Street": 12,
        "Al-Makhfiya": 12,
        "Old Al-Najah Street": 12,
        "An-Najah National University (Old Campus)": 12,
        "An-Najah National University (Academy)": 12,
        "New Nablus": "لا يوجد مطاعم "
    },
    {
        "English": "Asera Street 1",
        "From / To": "شارع عصيرة 1",
        " ": 10,
        "Rafidia": 10,
        "Academy Street": 12,
        "Al-Makhfiya": 12,
        "Old Al-Najah Street": 10,
        "An-Najah National University (Old Campus)": 10,
        "An-Najah National University (Academy)": 10,
        "New Nablus": "مناخد التسعيرة من المطاعم اللي هناك"
    },
    {
        "English": "Asera Street 2",
        "From / To": "شارع عصيرة 2",
        " ": 12,
        "Rafidia": 12,
        "Academy Street": 15,
        "Al-Makhfiya": 15,
        "Old Al-Najah Street": 12,
        "An-Najah National University (Old Campus)": 12,
        "An-Najah National University (Academy)": 12,
        "New Nablus": "مناخد التسعيرة من المطاعم اللي هناك"
    },
    {
        "English": "Tayba Neighborhood",
        "From / To": "حي طيبة",
        " ": 15,
        "Rafidia": 15,
        "Academy Street": 15,
        "Al-Makhfiya": 15,
        "Old Al-Najah Street": 15,
        "An-Najah National University (Old Campus)": 15,
        "An-Najah National University (Academy)": 15,
        "New Nablus": "لا يوجد مطاعم "
    },
    {
        "English": "Tell Street",
        "From / To": "شارع تل",
        " ": 15,
        "Rafidia": 15,
        "Academy Street": 15,
        "Al-Makhfiya": 15,
        "Old Al-Najah Street": 15,
        "An-Najah National University (Old Campus)": 15,
        "An-Najah National University (Academy)": 15,
        "New Nablus": "لا يوجد مطاعم "
    },
    {
        "English": "Al-Dahiya",
        "From / To": "الضاحية",
        " ": 15,
        "Rafidia": 15,
        "Academy Street": 15,
        "Al-Makhfiya": 15,
        "Old Al-Najah Street": 15,
        "An-Najah National University (Old Campus)": 15,
        "An-Najah National University (Academy)": 15,
        "New Nablus": "لا يوجد مطاعم "
    },
    {
        "English": "Upper Dahiya",
        "From / To": "الضاحية العليا",
        " ": 20,
        "Rafidia": 20,
        "Academy Street": 20,
        "Al-Makhfiya": 20,
        "Old Al-Najah Street": 20,
        "An-Najah National University (Old Campus)": 20,
        "An-Najah National University (Academy)": 20,
        "New Nablus": "لا يوجد مطاعم "
    },
    {
        "English": "Rujeeb",
        "From / To": "روجيب",
        " ": 25,
        "Rafidia": 25,
        "Academy Street": 25,
        "Al-Makhfiya": 25,
        "Old Al-Najah Street": 25,
        "An-Najah National University (Old Campus)": 25,
        "An-Najah National University (Academy)": 25,
        "New Nablus": "لا يوجد مطاعم "
    },
    {
        "English": "Rujeeb Housing",
        "From / To": "اسكان روجيب",
        " ": 25,
        "Rafidia": 25,
        "Academy Street": 25,
        "Al-Makhfiya": 25,
        "Old Al-Najah Street": 25,
        "An-Najah National University (Old Campus)": 25,
        "An-Najah National University (Academy)": 25,
        "New Nablus": "لا يوجد مطاعم "
    },
    {
        "English": "Popular Housing",
        "From / To": "المساكن الشعبية",
        " ": 25,
        "Rafidia": 25,
        "Academy Street": 25,
        "Al-Makhfiya": 25,
        "Old Al-Najah Street": 25,
        "An-Najah National University (Old Campus)": 25,
        "An-Najah National University (Academy)": 25,
        "New Nablus": "لا يوجد مطاعم "
    },
    {
        "English": "Kafr Qallil",
        "From / To": "كفر قليل",
        " ": 30,
        "Rafidia": 30,
        "Academy Street": 30,
        "Al-Makhfiya": 30,
        "Old Al-Najah Street": 30,
        "An-Najah National University (Old Campus)": 30,
        "An-Najah National University (Academy)": 30,
        "New Nablus": "لا يوجد مطاعم "
    },
    {
        "English": "North Asera Village",
        "From / To": "بلدة عصيرة الشمالية",
        " ": 30,
        "Rafidia": 30,
        "Academy Street": 30,
        "Al-Makhfiya": 30,
        "Old Al-Najah Street": 30,
        "An-Najah National University (Old Campus)": 30,
        "An-Najah National University (Academy)": 30,
        "New Nablus": "لا يوجد مطاعم "
    },
    {
        "English": "Deir Sharaf Village",
        "From / To": "قرية دير شرف",
        " ": 25,
        "Rafidia": 25,
        "Academy Street": 25,
        "Al-Makhfiya": 25,
        "Old Al-Najah Street": 25,
        "An-Najah National University (Old Campus)": 25,
        "An-Najah National University (Academy)": 25,
        "New Nablus": "لا يوجد مطاعم "
    },
    {
        "English": "Marina Resort",
        "From / To": "منتجع مارينا",
        " ": 20,
        "Rafidia": 20,
        "Academy Street": 20,
        "Al-Makhfiya": 20,
        "Old Al-Najah Street": 20,
        "An-Najah National University (Old Campus)": 20,
        "An-Najah National University (Academy)": 20,
        "New Nablus": "لا يوجد مطاعم "
    },
    {
        "English": "Western Industrial Zone",
        "From / To": "المنطقة الصناعية الغربية",
        " ": 20,
        "Rafidia": 20,
        "Academy Street": 20,
        "Al-Makhfiya": 20,
        "Old Al-Najah Street": 20,
        "An-Najah National University (Old Campus)": 20,
        "An-Najah National University (Academy)": 20,
        "New Nablus": "لا يوجد مطاعم "
    },
    {
        "English": "Eastern Industrial Zone",
        "From / To": "المنطقة الصناعية الشرقية",
        " ": 20,
        "Rafidia": 20,
        "Academy Street": 20,
        "Al-Makhfiya": 20,
        "Old Al-Najah Street": 20,
        "An-Najah National University (Old Campus)": 20,
        "An-Najah National University (Academy)": 20,
        "New Nablus": "لا يوجد مطاعم "
    },
    {
        "English": "Sufian Street",
        "From / To": "شارع سفيان",
        " ": 10,
        "Rafidia": 10,
        "Academy Street": 10,
        "Al-Makhfiya": 10,
        "Old Al-Najah Street": 10,
        "An-Najah National University (Old Campus)": 10,
        "An-Najah National University (Academy)": 10,
        "New Nablus": 20,
        "First New Nablus": 15,
        "Al-Amariya": 15,
        "Beit Iba (Main Street)": 20,
        "Main Zawata Street (First Intersection)": 12,
        "Main Zawata Street (Second Intersection)": 15,
        "Beit Iba Town": 20,
        "Street 15": 10,
        "Street 16": 10,
        "Sumara Neighborhood": 30,
        "Amman Street": 15,
        "Mutah Street": 15,
        "Mlehess Entrance": 10,
        "Tunis Street": 10,
        "Haifa Street": 10,
        "Jaffa Street": 10,
        "Ibn Rushd Street": 10,
        "Beiger Street": 15,
        "Khalat Al-Iman": 15,
        "Last Quds Street": 25,
        "Mid Quds Street": 20,
        "First Quds Street": 15,
        "Hasba Street": 20,
        "Al-Rawda College": 15,
        "Meteorological Institute": 15,
        "Faisal Street": 10,
        "Balata": 15,
        "Al-Junaid": 15,
        "At-Tur": 20,
        "Fata'ir": 15,
        "Street 10": 15,
        "Ras Al-Ain": 10,
        "Khirbet Ashur": 10,
        "Kashkha Street": 12,
        "Al-Maajin": 10,
        "Wadi Al-Tuffah": 10,
        "Beit Wazan": 15,
        "Al-Taawon Street": 15,
        "Street 24": 10,
        "Old Askar Camp": 20,
        "New Askar Camp": 25,
        "Railway Street 1": 10,
        "Railway Street 2": 10,
        "Union Street": 10,
        "Middle Bliabous": 10,
        "Austrian Housing": 15,
        "Sama Nablus": 20,
        "Al-Najah National Hospital": 15,
        "Al-Quds Open University": 12,
        "Asera Street 1": 10,
        "Asera Street 2": 12,
        "Tayba Neighborhood": 15,
        "Tell Street": 15,
        "Al-Dahiya": 15,
        "Upper Dahiya": 20,
        "Rujeeb": 25,
        "Rujeeb Housing": 25,
        "Popular Housing": 25,
        "Kafr Qallil": 30,
        "North Asera Village": 30,
        "Deir Sharaf Village": 25,
        "Marina Resort": 20,
        "Western Industrial Zone": 20,
        "Eastern Industrial Zone": 20,
        "Sufian Street": 10,
        "Salem Village": 30,
        "Qusin Village": 30,
        "Beit Furik Village": 30,
        "Tell Village": 30,
        "Sarta Village": 30,
        "Khalat Al-A'amoud": 15,
        "Street 25": 12,
        "Abu Bakr Street": 15
    },
    {
        "English": "Salem Village",
        "From / To": "قرية سالم",
        " ": 30,
        "Rafidia": 30,
        "Academy Street": 30,
        "Al-Makhfiya": 30,
        "Old Al-Najah Street": 30,
        "An-Najah National University (Old Campus)": 30,
        "An-Najah National University (Academy)": 30,
        "New Nablus": "لا يوجد مطاعم "
    },
    {
        "English": "Qusin Village",
        "From / To": "قرية قوصين",
        " ": 30,
        "Rafidia": 30,
        "Academy Street": 30,
        "Al-Makhfiya": 30,
        "Old Al-Najah Street": 30,
        "An-Najah National University (Old Campus)": 30,
        "An-Najah National University (Academy)": 30,
        "New Nablus": "لا يوجد مطاعم "
    },
    {
        "English": "Beit Furik Village",
        "From / To": "قرية بيت فوريك",
        " ": 30,
        "Rafidia": 30,
        "Academy Street": 30,
        "Al-Makhfiya": 30,
        "Old Al-Najah Street": 30,
        "An-Najah National University (Old Campus)": 30,
        "An-Najah National University (Academy)": 30,
        "New Nablus": "لا يوجد مطاعم "
    },
    {
        "English": "Tell Village",
        "From / To": "قرية تل",
        " ": 30,
        "Rafidia": 30,
        "Academy Street": 30,
        "Al-Makhfiya": 30,
        "Old Al-Najah Street": 30,
        "An-Najah National University (Old Campus)": 30,
        "An-Najah National University (Academy)": 30,
        "New Nablus": "لا يوجد مطاعم "
    },
    {
        "English": "Sarta Village",
        "From / To": "قرية صرة",
        " ": 30,
        "Rafidia": 30,
        "Academy Street": 30,
        "Al-Makhfiya": 30,
        "Old Al-Najah Street": 30,
        "An-Najah National University (Old Campus)": 30,
        "An-Najah National University (Academy)": 30,
        "New Nablus": "لا يوجد مطاعم "
    },
    {
        "English": "Khalat Al-A'amoud",
        "From / To": "خلة العامود",
        " ": 15,
        "Rafidia": 15,
        "Academy Street": 15,
        "Al-Makhfiya": 15,
        "Old Al-Najah Street": 15,
        "An-Najah National University (Old Campus)": 15,
        "An-Najah National University (Academy)": 15,
        "New Nablus": "لا يوجد مطاعم "
    },
    {
        "English": "Street 25",
        "From / To": "شارع 25",
        " ": 12,
        "Rafidia": 10,
        "Academy Street": 10,
        "Al-Makhfiya": 10,
        "Old Al-Najah Street": 10,
        "An-Najah National University (Old Campus)": 10,
        "An-Najah National University (Academy)": 10,
        "New Nablus": "لا يوجد مطاعم "
    },
    {
        "English": "Abu Bakr Street",
        "From / To": "شارع ابو بكر",
        " ": 15,
        "Rafidia": 15,
        "Academy Street": 15,
        "Al-Makhfiya": 15,
        "Old Al-Najah Street": 15,
        "An-Najah National University (Old Campus)": 15,
        "An-Najah National University (Academy)": 15,
        "New Nablus": "لا يوجد مطاعم "
    },
    {
        "English": "Azmut",
        "From / To": "عزموط",
        "New Nablus": "لا يوجد مطاعم "
    },
    {
        "English": "Deir Al-Hatab",
        "From / To": "دير الحطب",
        "New Nablus": "لا يوجد مطاعم "
    },
    {
        "English": "Wadi Al-Badan",
        "From / To": "واد الباذان",
        "New Nablus": "لا يوجد مطاعم "
    },
    {
        "English": "Iraq Burin",
        "From / To": "عراق بورين",
        "New Nablus": "لا يوجد مطاعم "
    },
    {
        "English": "Hawara",
        "From / To": "حوارة",
        "New Nablus": "مناخد التسعيرة من المطاعم اللي هناك"
    },
    {
        "English": "Burin",
        "From / To": "بورين",
        "New Nablus": "لا يوجد مطاعم "
    },
    {
        "English": "Madama",
        "From / To": "مدما",
        "New Nablus": "لا يوجد مطاعم "
    },
    {
        "English": "Northern Asera",
        "From / To": "عصيرة القبلية",
        "New Nablus": "لا يوجد مطاعم "
    },
    {
        "English": "Fur'ata",
        "From / To": "فرعتة",
        "New Nablus": "لا يوجد مطاعم "
    },
    {
        "English": "Imatin",
        "From / To": "إيماتين",
        "New Nablus": "لا يوجد مطاعم "
    },
    {
        "English": "Jinsafut",
        "From / To": "جنسافوط",
        "New Nablus": "لا يوجد مطاعم "
    },
    {
        "English": "The Hotel",
        "From / To": "الفندق",
        "New Nablus": "لا يوجد مطاعم "
    },
    {
        "English": "Hajjah",
        "From / To": "حجة",
        "New Nablus": "لا يوجد مطاعم "
    },
    {
        "English": "Kafr Qaddum",
        "From / To": "كفر كدوم",
        "New Nablus": "لا يوجد مطاعم "
    },
    {
        "English": "Al-Naqoura",
        "From / To": "الناقورة",
        "New Nablus": "لا يوجد مطاعم "
    },
    {
        "English": "Sabsitiya",
        "From / To": "سبسطية",
        "New Nablus": "لا يوجد مطاعم "
    },
    {
        "English": "Ijnisinah",
        "From / To": "إجنيسينا",
        "New Nablus": "لا يوجد مطاعم "
    },
    {
        "English": "Nisf Jubeil",
        "From / To": "نصف جبيل",
        "New Nablus": "لا يوجد مطاعم "
    },
    {
        "English": "Beit Umrin",
        "From / To": "بيت أومرين",
        "New Nablus": "لا يوجد مطاعم "
    },
    {
        "English": "Birqa",
        "From / To": "برقة",
        "New Nablus": "لا يوجد مطاعم "
    },
    {
        "English": "Talluza",
        "From / To": "طلوزة",
        "New Nablus": "لا يوجد مطاعم "
    },
    {
        "English": "Ein Al-Baida",
        "From / To": "عين البيضا",
        "New Nablus": "لا يوجد مطاعم "
    },
    {
        "English": "Tammun",
        "From / To": "طمون",
        "New Nablus": "لا يوجد مطاعم "
    },
    {
        "English": "Khirbet Al-Aqrabaniya",
        "From / To": "خربة العقربانية",
        "New Nablus": "لا يوجد مطاعم "
    },
    {
        "English": "Khirbet Beit Hassan",
        "From / To": "خربة بيت حسن",
        "New Nablus": "لا يوجد مطاعم "
    },
    {
        "English": "Beit Dajan",
        "From / To": "بيت دجن",
        "New Nablus": "لا يوجد مطاعم "
    },
    {
        "English": "Al-Nassariya",
        "From / To": "النصارية",
        "New Nablus": "لا يوجد مطاعم "
    }
]